"months","profit_percent","years"
"January",10.732483598312541,2019
"August",9.951274519125711,2019
"July",9.82629974928313,2019
"April",9.513128856460838,2019
"November",8.926421354471618,2019
"June",8.90463584333782,2019
"May",8.584225354932016,2019
"March",8.442702938041405,2019
"October",7.409309052330266,2019
"December",6.835179096585213,2019
"September",6.314128387722047,2019
"February",4.560211249397395,2019
