"months","profit_percent","years"
"January",19.366851989536833,2019
"July",17.731636028692435,2019
"November",16.107798310120316,2019
"June",16.068486182057896,2019
"May",15.490302908074037,2019
"March",15.234924581518484,2019
